{"stats":{"minecraft:killed_by":{"minecraft:player":1},"minecraft:picked_up":{"minecraft:iron_ingot":49,"minecraft:gold_ingot":16},"minecraft:used":{"minecraft:cyan_terracotta":3,"minecraft:dirt":7},"minecraft:custom":{"minecraft:jump":7,"minecraft:time_since_rest":974,"minecraft:leave_game":1,"minecraft:crouch_one_cm":67,"minecraft:play_one_minute":12266,"minecraft:deaths":1,"minecraft:sprint_one_cm":13,"minecraft:damage_taken":231,"minecraft:time_since_death":888,"minecraft:walk_one_cm":470,"minecraft:sneak_time":28,"minecraft:fly_one_cm":530}},"DataVersion":1631}